<xml xmlns:o="urn:schemas-microsoft-com:office:office">
 <o:MainFile
  HRef="../ГСС%20формул%20-%20Экономический%20раздел%20для%20анализа.htm"/>
 <o:File HRef="image002.wmz"/>
 <o:File HRef="image003.gif"/>
 <o:File HRef="oledata.mso"/>
 <o:File HRef="image004.wmz"/>
 <o:File HRef="image062.gif"/>
 <o:File HRef="image006.wmz"/>
 <o:File HRef="image063.gif"/>
 <o:File HRef="image008.wmz"/>
 <o:File HRef="image064.gif"/>
 <o:File HRef="image010.wmz"/>
 <o:File HRef="image065.gif"/>
 <o:File HRef="image012.wmz"/>
 <o:File HRef="image066.gif"/>
 <o:File HRef="image014.wmz"/>
 <o:File HRef="image067.gif"/>
 <o:File HRef="image016.wmz"/>
 <o:File HRef="image068.gif"/>
 <o:File HRef="image018.wmz"/>
 <o:File HRef="image069.gif"/>
 <o:File HRef="image020.wmz"/>
 <o:File HRef="image070.gif"/>
 <o:File HRef="image022.wmz"/>
 <o:File HRef="image071.gif"/>
 <o:File HRef="image024.wmz"/>
 <o:File HRef="image072.gif"/>
 <o:File HRef="image026.wmz"/>
 <o:File HRef="image073.gif"/>
 <o:File HRef="image028.wmz"/>
 <o:File HRef="image074.gif"/>
 <o:File HRef="image030.wmz"/>
 <o:File HRef="image075.gif"/>
 <o:File HRef="image032.wmz"/>
 <o:File HRef="image076.gif"/>
 <o:File HRef="image034.wmz"/>
 <o:File HRef="image077.gif"/>
 <o:File HRef="image036.wmz"/>
 <o:File HRef="image078.gif"/>
 <o:File HRef="image038.wmz"/>
 <o:File HRef="image079.gif"/>
 <o:File HRef="image040.wmz"/>
 <o:File HRef="image080.gif"/>
 <o:File HRef="image042.wmz"/>
 <o:File HRef="image081.gif"/>
 <o:File HRef="image044.wmz"/>
 <o:File HRef="image082.gif"/>
 <o:File HRef="image046.wmz"/>
 <o:File HRef="image083.gif"/>
 <o:File HRef="image048.wmz"/>
 <o:File HRef="image084.gif"/>
 <o:File HRef="image050.wmz"/>
 <o:File HRef="image085.gif"/>
 <o:File HRef="image052.wmz"/>
 <o:File HRef="image086.gif"/>
 <o:File HRef="image054.wmz"/>
 <o:File HRef="image087.gif"/>
 <o:File HRef="image056.wmz"/>
 <o:File HRef="image088.gif"/>
 <o:File HRef="image058.wmz"/>
 <o:File HRef="image089.gif"/>
 <o:File HRef="image060.wmz"/>
 <o:File HRef="image090.gif"/>
 <o:File HRef="filelist.xml"/>
</xml>